{
  "hvac_cooling": {
    "good_text_good_simulation": {
      "mean_insulation": 0.16499999999999998,
      "std_insulation": 0.03,
      "mean_hvac": 0.217,
      "std_hvac": 0.01399999999999999
    },
    "good_text_poor_simulation": {
      "mean_insulation": 0.18,
      "std_insulation": 0.0,
      "mean_hvac": 0.24499999999999997,
      "std_hvac": 0.0
    },
    "poor_text_good_simulation": {
      "mean_insulation": 0.10500000000000001,
      "std_insulation": 1.3877787807814457e-17,
      "mean_hvac": 0.31799999999999995,
      "std_hvac": 0.0036742346141747707
    },
    "poor_text_poor_simulation": {
      "mean_insulation": 0.10500000000000001,
      "std_insulation": 1.3877787807814457e-17,
      "mean_hvac": 0.3515,
      "std_hvac": 0.00299999999999998
    }
  },
  "hvac_heating": {
    "good_text_good_simulation": {
      "mean_insulation": 0.18,
      "std_insulation": 0.0,
      "mean_hvac": 0.217,
      "std_hvac": 0.01399999999999999
    },
    "good_text_poor_simulation": {
      "mean_insulation": 0.16499999999999998,
      "std_insulation": 0.03,
      "mean_hvac": 0.21000000000000002,
      "std_hvac": 2.7755575615628914e-17
    },
    "poor_text_good_simulation": {
      "mean_insulation": 0.10500000000000001,
      "std_insulation": 1.3877787807814457e-17,
      "mean_hvac": 0.315,
      "std_hvac": 0.0
    },
    "poor_text_poor_simulation": {
      "mean_insulation": 0.10500000000000001,
      "std_insulation": 1.3877787807814457e-17,
      "mean_hvac": 0.31799999999999995,
      "std_hvac": 0.0036742346141747707
    }
  },
  "insulation_roof_r": {
    "good_text_good_simulation": {
      "mean_insulation": 0.10500000000000001,
      "std_insulation": 1.3877787807814457e-17,
      "mean_hvac": 0.27099999999999996,
      "std_hvac": 0.028000000000000004
    },
    "good_text_poor_simulation": {
      "mean_insulation": 0.24849999999999994,
      "std_insulation": 0.006999999999999995,
      "mean_hvac": 0.22199999999999998,
      "std_hvac": 0.014000000000000012
    },
    "poor_text_good_simulation": {
      "mean_insulation": 0.255,
      "std_insulation": 0.0,
      "mean_hvac": 0.21000000000000002,
      "std_hvac": 2.7755575615628914e-17
    },
    "poor_text_poor_simulation": {
      "mean_insulation": 0.39499999999999996,
      "std_insulation": 0.0,
      "mean_hvac": 0.146,
      "std_hvac": 0.011999999999999999
    }
  },
  "insulation_wall_r": {
    "good_text_good_simulation": {
      "mean_insulation": 0.10500000000000001,
      "std_insulation": 1.3877787807814457e-17,
      "mean_hvac": 0.21499999999999994,
      "std_hvac": 2.7755575615628914e-17
    },
    "good_text_poor_simulation": {
      "mean_insulation": 0.26249999999999996,
      "std_insulation": 0.01565247584249853,
      "mean_hvac": 0.19399999999999998,
      "std_hvac": 0.017146428199482235
    },
    "poor_text_good_simulation": {
      "mean_insulation": 0.255,
      "std_insulation": 0.0,
      "mean_hvac": 0.13999999999999999,
      "std_hvac": 0.0
    },
    "poor_text_poor_simulation": {
      "mean_insulation": 0.41950000000000004,
      "std_insulation": 0.013999999999999986,
      "mean_hvac": 0.13299999999999998,
      "std_hvac": 0.013999999999999997
    }
  }
}