{
  "hvac_cooling": {
    "good_text_good_simulation": {
      "mean_insulation": 0.16883813434927242,
      "std_insulation": 0.0,
      "mean_hvac": 0.015564205568366008,
      "std_hvac": 0.006
    },
    "good_text_poor_simulation": {
      "mean_insulation": 0.16730059719046486,
      "std_insulation": 0.0,
      "mean_hvac": 0.05738816198862745,
      "std_hvac": 0.0
    },
    "poor_text_good_simulation": {
      "mean_insulation": 0.09383813434927242,
      "std_insulation": 0.0,
      "mean_hvac": 0.12206420556836602,
      "std_hvac": 0.0036742346141747707
    },
    "poor_text_poor_simulation": {
      "mean_insulation": 0.09230059719046488,
      "std_insulation": 0.0,
      "mean_hvac": 0.16688816198862744,
      "std_hvac": 0.0036742346141747707
    }
  },
  "hvac_heating": {
    "good_text_good_simulation": {
      "mean_insulation": 0.1671486141583589,
      "std_insulation": 0.0,
      "mean_hvac": 0.01756680905457516,
      "std_hvac": 0.0
    },
    "good_text_poor_simulation": {
      "mean_insulation": 0.16207180314094372,
      "std_insulation": 0.0,
      "mean_hvac": 0.02066495840271242,
      "std_hvac": 0.005999999999999999
    },
    "poor_text_good_simulation": {
      "mean_insulation": 0.0921486141583589,
      "std_insulation": 0.0,
      "mean_hvac": 0.12256680905457515,
      "std_hvac": 0.0
    },
    "poor_text_poor_simulation": {
      "mean_insulation": 0.08707180314094373,
      "std_insulation": 0.0,
      "mean_hvac": 0.1256649584027124,
      "std_hvac": 0.0036742346141747707
    }
  },
  "insulation_roof_r": {
    "good_text_good_simulation": {
      "mean_insulation": 0.06571120072066015,
      "std_insulation": 0.0,
      "mean_hvac": 0.0903427544538562,
      "std_hvac": 0.0
    },
    "good_text_poor_simulation": {
      "mean_insulation": 0.18534475071898185,
      "std_insulation": 0.0,
      "mean_hvac": 0.10455185104127451,
      "std_hvac": 0.0
    },
    "poor_text_good_simulation": {
      "mean_insulation": 0.21571120072066013,
      "std_insulation": 0.0,
      "mean_hvac": 0.02734275445385621,
      "std_hvac": 0.014696938456699069
    },
    "poor_text_poor_simulation": {
      "mean_insulation": 0.33534475071898184,
      "std_insulation": 0.0,
      "mean_hvac": 0.03555185104127452,
      "std_hvac": 0.011999999999999999
    }
  },
  "insulation_wall_r": {
    "good_text_good_simulation": {
      "mean_insulation": 0.009346644578210134,
      "std_insulation": 0.0,
      "mean_hvac": 0.08632581526781045,
      "std_hvac": 0.0
    },
    "good_text_poor_simulation": {
      "mean_insulation": 0.348742589642206,
      "std_insulation": 0.0,
      "mean_hvac": 0.11332161392281045,
      "std_hvac": 0.0
    },
    "poor_text_good_simulation": {
      "mean_insulation": 0.15934664457821013,
      "std_insulation": 0.0,
      "mean_hvac": 0.017325815267810456,
      "std_hvac": 0.011999999999999999
    },
    "poor_text_poor_simulation": {
      "mean_insulation": 0.498742589642206,
      "std_insulation": 5.551115123125783e-17,
      "mean_hvac": 0.038321613922810464,
      "std_hvac": 0.0
    }
  }
}