{
  "hvac_cooling": {
    "good_text_good_simulation": {
      "mean_insulation": 0.37364339160097626,
      "std_insulation": 0.0,
      "mean_hvac": 0.028092923886741367,
      "std_hvac": 0.020000000000000004
    },
    "good_text_poor_simulation": {
      "mean_insulation": 0.3798306593384937,
      "std_insulation": 0.0,
      "mean_hvac": 0.08211349769215685,
      "std_hvac": 0.0
    },
    "poor_text_good_simulation": {
      "mean_insulation": 0.12364339160097629,
      "std_insulation": 1.3877787807814457e-17,
      "mean_hvac": 0.36809292388674136,
      "std_hvac": 0.0
    },
    "poor_text_poor_simulation": {
      "mean_insulation": 0.12983065933849372,
      "std_insulation": 0.0,
      "mean_hvac": 0.4371134976921568,
      "std_hvac": 0.010000000000000009
    }
  },
  "hvac_heating": {
    "good_text_good_simulation": {
      "mean_insulation": 0.3252997962200837,
      "std_insulation": 0.10000000000000002,
      "mean_hvac": 0.025218154574463126,
      "std_hvac": 3.469446951953614e-18
    },
    "good_text_poor_simulation": {
      "mean_insulation": 0.3756686156001395,
      "std_insulation": 0.0,
      "mean_hvac": 0.02521111425798319,
      "std_hvac": 3.469446951953614e-18
    },
    "poor_text_good_simulation": {
      "mean_insulation": 0.1252997962200837,
      "std_insulation": 0.0,
      "mean_hvac": 0.38021815457446306,
      "std_hvac": 0.010000000000000009
    },
    "poor_text_poor_simulation": {
      "mean_insulation": 0.12566861560013948,
      "std_insulation": 0.0,
      "mean_hvac": 0.38021111425798315,
      "std_hvac": 0.010000000000000009
    }
  },
  "insulation_roof_r": {
    "good_text_good_simulation": {
      "mean_insulation": 0.0901900293427243,
      "std_insulation": 0.0,
      "mean_hvac": 0.27198435373454716,
      "std_hvac": 0.0
    },
    "good_text_poor_simulation": {
      "mean_insulation": 0.27060086305606695,
      "std_insulation": 0.0,
      "mean_hvac": 0.29256806448650796,
      "std_hvac": 0.0
    },
    "poor_text_good_simulation": {
      "mean_insulation": 0.5901900293427242,
      "std_insulation": 0.0,
      "mean_hvac": 0.021984353734547164,
      "std_hvac": 0.0
    },
    "poor_text_poor_simulation": {
      "mean_insulation": 0.770600863056067,
      "std_insulation": 0.0,
      "mean_hvac": 0.04256806448650794,
      "std_hvac": 0.0
    }
  },
  "insulation_wall_r": {
    "good_text_good_simulation": {
      "mean_insulation": 0.012426952074035331,
      "std_insulation": 0.0,
      "mean_hvac": 0.2661922993855742,
      "std_hvac": 0.0
    },
    "good_text_poor_simulation": {
      "mean_insulation": 0.5,
      "std_insulation": 0.0,
      "mean_hvac": 0.3051143302514939,
      "std_hvac": 0.0
    },
    "poor_text_good_simulation": {
      "mean_insulation": 0.5124269520740353,
      "std_insulation": 0.0,
      "mean_hvac": 0.01619229938557423,
      "std_hvac": 0.0
    },
    "poor_text_poor_simulation": {
      "mean_insulation": 1.0,
      "std_insulation": 0.0,
      "mean_hvac": 0.055114330251493926,
      "std_hvac": 0.0
    }
  }
}